{
    "name": "root",
    "gauges": {
        "PlaneMovement.Policy.Entropy.mean": {
            "value": 1.2377593517303467,
            "min": 1.1120892763137817,
            "max": 1.4603794813156128,
            "count": 20
        },
        "PlaneMovement.Policy.Entropy.sum": {
            "value": 62345.94140625,
            "min": 56449.65234375,
            "max": 72989.765625,
            "count": 20
        },
        "PlaneMovement.Step.mean": {
            "value": 999966.0,
            "min": 49945.0,
            "max": 999966.0,
            "count": 20
        },
        "PlaneMovement.Step.sum": {
            "value": 999966.0,
            "min": 49945.0,
            "max": 999966.0,
            "count": 20
        },
        "PlaneMovement.Policy.ExtrinsicValueEstimate.mean": {
            "value": 0.6307052969932556,
            "min": 0.3598826825618744,
            "max": 3.0715813636779785,
            "count": 20
        },
        "PlaneMovement.Policy.ExtrinsicValueEstimate.sum": {
            "value": 127.4024658203125,
            "min": 74.13583374023438,
            "max": 789.3964233398438,
            "count": 20
        },
        "PlaneMovement.Environment.EpisodeLength.mean": {
            "value": 934.0961538461538,
            "min": 535.3440860215054,
            "max": 988.6153846153846,
            "count": 20
        },
        "PlaneMovement.Environment.EpisodeLength.sum": {
            "value": 48573.0,
            "min": 48236.0,
            "max": 51622.0,
            "count": 20
        },
        "PlaneMovement.Environment.CumulativeReward.mean": {
            "value": 61.10293118458874,
            "min": 21.274176999216987,
            "max": 61.10293118458874,
            "count": 20
        },
        "PlaneMovement.Environment.CumulativeReward.sum": {
            "value": 3238.455352783203,
            "min": 1787.030867934227,
            "max": 3589.567049264908,
            "count": 20
        },
        "PlaneMovement.Policy.ExtrinsicReward.mean": {
            "value": 61.10293118458874,
            "min": 21.274176999216987,
            "max": 61.10293118458874,
            "count": 20
        },
        "PlaneMovement.Policy.ExtrinsicReward.sum": {
            "value": 3238.455352783203,
            "min": 1787.030867934227,
            "max": 3589.567049264908,
            "count": 20
        },
        "PlaneMovement.Losses.PolicyLoss.mean": {
            "value": 0.064198988501158,
            "min": 0.064198988501158,
            "max": 0.07262927958884945,
            "count": 20
        },
        "PlaneMovement.Losses.PolicyLoss.sum": {
            "value": 0.770387862013896,
            "min": 0.770387862013896,
            "max": 0.884137162799468,
            "count": 20
        },
        "PlaneMovement.Losses.ValueLoss.mean": {
            "value": 1.6230036290203367,
            "min": 0.0023349038562548597,
            "max": 1.6230036290203367,
            "count": 20
        },
        "PlaneMovement.Losses.ValueLoss.sum": {
            "value": 19.47604354824404,
            "min": 0.028018846275058316,
            "max": 19.47604354824404,
            "count": 20
        },
        "PlaneMovement.Policy.LearningRate.mean": {
            "value": 7.1472976175999995e-06,
            "min": 7.1472976175999995e-06,
            "max": 0.0002919836026721334,
            "count": 20
        },
        "PlaneMovement.Policy.LearningRate.sum": {
            "value": 8.57675714112e-05,
            "min": 8.57675714112e-05,
            "max": 0.0035038032320656005,
            "count": 20
        },
        "PlaneMovement.Policy.Epsilon.mean": {
            "value": 0.1023824,
            "min": 0.1023824,
            "max": 0.1973278666666667,
            "count": 20
        },
        "PlaneMovement.Policy.Epsilon.sum": {
            "value": 1.2285888,
            "min": 1.2285888,
            "max": 2.3679344000000007,
            "count": 20
        },
        "PlaneMovement.Policy.Beta.mean": {
            "value": 0.00012888176000000001,
            "min": 0.00012888176000000001,
            "max": 0.004866660546666667,
            "count": 20
        },
        "PlaneMovement.Policy.Beta.sum": {
            "value": 0.0015465811200000002,
            "min": 0.0015465811200000002,
            "max": 0.05839992656,
            "count": 20
        },
        "PlaneMovement.IsTraining.mean": {
            "value": 1.0,
            "min": 1.0,
            "max": 1.0,
            "count": 20
        },
        "PlaneMovement.IsTraining.sum": {
            "value": 1.0,
            "min": 1.0,
            "max": 1.0,
            "count": 20
        }
    },
    "metadata": {
        "timer_format_version": "0.1.0",
        "start_time_seconds": "1701791966",
        "python_version": "3.6.8 |Anaconda, Inc.| (default, Feb 21 2019, 18:30:04) [MSC v.1916 64 bit (AMD64)]",
        "command_line_arguments": "C:\\Users\\Me\\anaconda3\\envs\\unity\\Scripts\\mlagents-learn --torch-device=cpu --run-id=Run5 --force ./run5.yaml",
        "mlagents_version": "0.28.0",
        "mlagents_envs_version": "0.28.0",
        "communication_protocol_version": "1.5.0",
        "pytorch_version": "1.7.1+cu110",
        "numpy_version": "1.19.5",
        "end_time_seconds": "1701793377"
    },
    "total": 1411.2835865999998,
    "count": 1,
    "self": 0.008670499999652748,
    "children": {
        "run_training.setup": {
            "total": 0.14184300000000002,
            "count": 1,
            "self": 0.14184300000000002
        },
        "TrainerController.start_learning": {
            "total": 1411.1330731,
            "count": 1,
            "self": 3.719944000019723,
            "children": {
                "TrainerController._reset_env": {
                    "total": 6.8700829,
                    "count": 1,
                    "self": 6.8700829
                },
                "TrainerController.advance": {
                    "total": 1400.4665898999804,
                    "count": 166838,
                    "self": 4.073048099981406,
                    "children": {
                        "env_step": {
                            "total": 890.9412186999762,
                            "count": 166838,
                            "self": 658.4753261999855,
                            "children": {
                                "SubprocessEnvManager._take_step": {
                                    "total": 230.12293589998725,
                                    "count": 166838,
                                    "self": 10.389658999999398,
                                    "children": {
                                        "TorchPolicy.evaluate": {
                                            "total": 219.73327689998786,
                                            "count": 166838,
                                            "self": 51.55144150000538,
                                            "children": {
                                                "TorchPolicy.sample_actions": {
                                                    "total": 168.18183539998248,
                                                    "count": 166838,
                                                    "self": 168.18183539998248
                                                }
                                            }
                                        }
                                    }
                                },
                                "workers": {
                                    "total": 2.3429566000033892,
                                    "count": 166838,
                                    "self": 0.0,
                                    "children": {
                                        "worker_root": {
                                            "total": 1399.1370708000188,
                                            "count": 166838,