{
    "name": "root",
    "gauges": {
        "PlaneMovement.Policy.Entropy.mean": {
            "value": 2.2938306756259408e-06,
            "min": 2.106306283167214e-06,
            "max": 0.06385225802659988,
            "count": 5
        },
        "PlaneMovement.Policy.Entropy.sum": {
            "value": 0.11428782343864441,
            "min": 0.104944609105587,
            "max": 3243.822265625,
            "count": 5
        },
        "PlaneMovement.Step.mean": {
            "value": 249832.0,
            "min": 49982.0,
            "max": 249832.0,
            "count": 5
        },
        "PlaneMovement.Step.sum": {
            "value": 249832.0,
            "min": 49982.0,
            "max": 249832.0,
            "count": 5
        },
        "PlaneMovement.Policy.ExtrinsicValueEstimate.mean": {
            "value": -6.564950466156006,
            "min": -10.517522811889648,
            "max": -6.373825550079346,
            "count": 5
        },
        "PlaneMovement.Policy.ExtrinsicValueEstimate.sum": {
            "value": -1897.270751953125,
            "min": -2913.353759765625,
            "max": -1872.776611328125,
            "count": 5
        },
        "PlaneMovement.Environment.EpisodeLength.mean": {
            "value": 518.0,
            "min": 518.0,
            "max": 529.1590909090909,
            "count": 5
        },
        "PlaneMovement.Environment.EpisodeLength.sum": {
            "value": 49728.0,
            "min": 46566.0,
            "max": 52836.0,
            "count": 5
        },
        "PlaneMovement.Environment.CumulativeReward.mean": {
            "value": -291.904080470403,
            "min": -302.4517217657783,
            "max": -291.904080470403,
            "count": 5
        },
        "PlaneMovement.Environment.CumulativeReward.sum": {
            "value": -28022.79172515869,
            "min": -29774.21684551239,
            "max": -26615.75151538849,
            "count": 5
        },
        "PlaneMovement.Policy.ExtrinsicReward.mean": {
            "value": -291.904080470403,
            "min": -302.4517217657783,
            "max": -291.904080470403,
            "count": 5
        },
        "PlaneMovement.Policy.ExtrinsicReward.sum": {
            "value": -28022.79172515869,
            "min": -29774.21684551239,
            "max": -26615.75151538849,
            "count": 5
        },
        "PlaneMovement.Losses.PolicyLoss.mean": {
            "value": 0.06900703700601125,
            "min": 0.06868107880264115,
            "max": 0.0790068279071555,
            "count": 5
        },
        "PlaneMovement.Losses.PolicyLoss.sum": {
            "value": 0.7590774070661238,
            "min": 0.6868107880264115,
            "max": 0.8690751069787106,
            "count": 5
        },
        "PlaneMovement.Losses.ValueLoss.mean": {
            "value": 0.14773011899173813,
            "min": 0.09353146252068707,
            "max": 4.632609165297447,
            "count": 5
        },
        "PlaneMovement.Losses.ValueLoss.sum": {
            "value": 1.6250313089091193,
            "min": 1.0106019086454547,
            "max": 50.95870081827192,
            "count": 5
        },
        "PlaneMovement.Policy.LearningRate.mean": {
            "value": 0.00023229705893129088,
            "min": 0.00023229705893129088,
            "max": 0.0002922970389312909,
            "count": 5
        },
        "PlaneMovement.Policy.LearningRate.sum": {
            "value": 0.0025552676482441996,
            "min": 0.0025552676482441996,
            "max": 0.0032152674282442,
            "count": 5
        },
        "PlaneMovement.Policy.Epsilon.mean": {
            "value": 0.17743234545454548,
            "min": 0.17743234545454548,
            "max": 0.19743234545454547,
            "count": 5
        },
        "PlaneMovement.Policy.Epsilon.sum": {
            "value": 1.9517558000000002,
            "min": 1.874749,
            "max": 2.1717558,
            "count": 5
        },
        "PlaneMovement.Policy.Beta.mean": {
            "value": 0.003873874038181818,
            "min": 0.003873874038181818,
            "max": 0.00487187403818182,
            "count": 5
        },
        "PlaneMovement.Policy.Beta.sum": {
            "value": 0.04261261442,
            "min": 0.04261261442,
            "max": 0.053590614420000016,
            "count": 5
        },
        "PlaneMovement.IsTraining.mean": {
            "value": 1.0,
            "min": 1.0,
            "max": 1.0,
            "count": 5
        },
        "PlaneMovement.IsTraining.sum": {
            "value": 1.0,
            "min": 1.0,
            "max": 1.0,
            "count": 5
        }
    },
    "metadata": {
        "timer_format_version": "0.1.0",
        "start_time_seconds": "1701811317",
        "python_version": "3.6.8 |Anaconda, Inc.| (default, Feb 21 2019, 18:30:04) [MSC v.1916 64 bit (AMD64)]",
        "command_line_arguments": "C:\\Users\\Me\\anaconda3\\envs\\unity\\Scripts\\mlagents-learn --torch-device=cpu --run-id=Run5 --force ./run5.yaml",
        "mlagents_version": "0.28.0",
        "mlagents_envs_version": "0.28.0",
        "communication_protocol_version": "1.5.0",
        "pytorch_version": "1.7.1+cu110",
        "numpy_version": "1.19.5",
        "end_time_seconds": "1701811749"
    },
    "total": 432.29269839999995,
    "count": 1,
    "self": 10.007992199999933,
    "children": {
        "run_training.setup": {
            "total": 0.1160829,
            "count": 1,
            "self": 0.1160829
        },
        "TrainerController.start_learning": {
            "total": 422.16862330000004,
            "count": 1,
            "self": 0.9072551000044768,
            "children": {
                "TrainerController._reset_env": {
                    "total": 10.0575707,
                    "count": 1,
                    "self": 10.0575707
                },
                "TrainerController.advance": {
                    "total": 411.09770619999557,
                    "count": 47569,
                    "self": 0.9731075999969221,
                    "children": {
                        "env_step": {
                            "total": 220.6750766999992,
                            "count": 47569,
                            "self": 168.04279710000384,
                            "children": {
                                "SubprocessEnvManager._take_step": {
                                    "total": 52.08603989999922,
                                    "count": 47570,
                                    "self": 2.426351499997793,
                                    "children": {
                                        "TorchPolicy.evaluate": {
                                            "total": 49.65968840000143,
                                            "count": 47570,
                                            "self": 11.995002199999433,
                                            "children": {
                                                "TorchPolicy.sample_actions": {
                                                    "total": 37.664686200001995,
                                                    "count": 47570,
                                                    "self": 37.664686200001995
                                                }
                                            }
                                        }
                                    }
                                },
                                "workers": {
                                    "total": 0.5462396999961321,
                                    "count": 47568,
                                    "self": 0.0,
                                    "children": {
                                        "worker_root": {
                                            "total": 395.14651689999744,
                                            "count": 47568,