{
    "name": "root",
    "gauges": {
        "PlaneMovement.Policy.Entropy.mean": {
            "value": 1.7650617361068726,
            "min": 1.6915043592453003,
            "max": 1.7915147542953491,
            "count": 45
        },
        "PlaneMovement.Policy.Entropy.sum": {
            "value": 3162.99072265625,
            "min": 2748.9326171875,
            "max": 5881.54296875,
            "count": 45
        },
        "PlaneMovement.Step.mean": {
            "value": 89915.0,
            "min": 1792.0,
            "max": 89915.0,
            "count": 45
        },
        "PlaneMovement.Step.sum": {
            "value": 89915.0,
            "min": 1792.0,
            "max": 89915.0,
            "count": 45
        },
        "PlaneMovement.Policy.ExtrinsicValueEstimate.mean": {
            "value": 1.2920763492584229,
            "min": -2.3396430015563965,
            "max": 5.518667221069336,
            "count": 45
        },
        "PlaneMovement.Policy.ExtrinsicValueEstimate.sum": {
            "value": 10.336610794067383,
            "min": -23.39643096923828,
            "max": 52.49304962158203,
            "count": 45
        },
        "PlaneMovement.Environment.EpisodeLength.mean": {
            "value": 3999.0,
            "min": 468.0,
            "max": 3999.0,
            "count": 11
        },
        "PlaneMovement.Environment.EpisodeLength.sum": {
            "value": 3999.0,
            "min": 468.0,
            "max": 19995.0,
            "count": 11
        },
        "PlaneMovement.IsTraining.mean": {
            "value": 1.0,
            "min": 1.0,
            "max": 1.0,
            "count": 45
        },
        "PlaneMovement.IsTraining.sum": {
            "value": 1.0,
            "min": 1.0,
            "max": 1.0,
            "count": 45
        },
        "PlaneMovement.Environment.CumulativeReward.mean": {
            "value": 1921.6948852539062,
            "min": -1216.753867340088,
            "max": 2118.9020668029784,
            "count": 11
        },
        "PlaneMovement.Environment.CumulativeReward.sum": {
            "value": 1921.6948852539062,
            "min": -6083.769336700439,
            "max": 10594.510334014893,
            "count": 11
        },
        "PlaneMovement.Policy.ExtrinsicReward.mean": {
            "value": 1921.6948852539062,
            "min": -1216.753867340088,
            "max": 2118.9020668029784,
            "count": 11
        },
        "PlaneMovement.Policy.ExtrinsicReward.sum": {
            "value": 1921.6948852539062,
            "min": -6083.769336700439,
            "max": 10594.510334014893,
            "count": 11
        },
        "PlaneMovement.Losses.PolicyLoss.mean": {
            "value": 0.027367223338741396,
            "min": 0.025660220602596248,
            "max": 0.04488138730327288,
            "count": 16
        },
        "PlaneMovement.Losses.PolicyLoss.sum": {
            "value": 0.027367223338741396,
            "min": 0.025660220602596248,
            "max": 0.04488138730327288,
            "count": 16
        },
        "PlaneMovement.Losses.ValueLoss.mean": {
            "value": 2.0280302464962006,
            "min": 2.0280302464962006,
            "max": 14.428451283772786,
            "count": 16
        },
        "PlaneMovement.Losses.ValueLoss.sum": {
            "value": 2.0280302464962006,
            "min": 2.0280302464962006,
            "max": 14.428451283772786,
            "count": 16
        },
        "PlaneMovement.Policy.LearningRate.mean": {
            "value": 0.00027437910854029995,
            "min": 0.00027437910854029995,
            "max": 0.0002984001005333,
            "count": 16
        },
        "PlaneMovement.Policy.LearningRate.sum": {
            "value": 0.00027437910854029995,
            "min": 0.00027437910854029995,
            "max": 0.0002984001005333,
            "count": 16
        },
        "PlaneMovement.Policy.Epsilon.mean": {
            "value": 0.19145970000000004,
            "min": 0.19145970000000004,
            "max": 0.19946670000000005,
            "count": 16
        },
        "PlaneMovement.Policy.Epsilon.sum": {
            "value": 0.19145970000000004,
            "min": 0.19145970000000004,
            "max": 0.19946670000000005,
            "count": 16
        },
        "PlaneMovement.Policy.Beta.mean": {
            "value": 0.00457383903,
            "min": 0.00457383903,
            "max": 0.004973388329999999,
            "count": 16
        },
        "PlaneMovement.Policy.Beta.sum": {
            "value": 0.00457383903,
            "min": 0.00457383903,
            "max": 0.004973388329999999,
            "count": 16
        }
    },
    "metadata": {
        "timer_format_version": "0.1.0",
        "start_time_seconds": "1700690841",
        "python_version": "3.6.8 |Anaconda, Inc.| (default, Feb 21 2019, 18:30:04) [MSC v.1916 64 bit (AMD64)]",
        "command_line_arguments": "C:\\Users\\Me\\anaconda3\\envs\\unity\\Scripts\\mlagents-learn ./PlaneMovement.yaml --force --run-id run1",
        "mlagents_version": "0.28.0",
        "mlagents_envs_version": "0.28.0",
        "communication_protocol_version": "1.5.0",
        "pytorch_version": "1.7.1+cu110",
        "numpy_version": "1.19.5",
        "end_time_seconds": "1700690995"
    },
    "total": 153.8014233,
    "count": 1,
    "self": 0.006735099999986005,
    "children": {
        "run_training.setup": {
            "total": 0.13253610000000002,
            "count": 1,
            "self": 0.13253610000000002
        },
        "TrainerController.start_learning": {
            "total": 153.66215210000001,
            "count": 1,
            "self": 0.2626900000017258,
            "children": {
                "TrainerController._reset_env": {
                    "total": 8.4629627,
                    "count": 1,
                    "self": 8.4629627
                },
                "TrainerController.advance": {
                    "total": 144.73978029999827,
                    "count": 13251,
                    "self": 0.2904720999983681,
                    "children": {
                        "env_step": {
                            "total": 116.62329349999975,
                            "count": 13251,
                            "self": 60.825399500001076,
                            "children": {
                                "SubprocessEnvManager._take_step": {
                                    "total": 55.6363909999985,
                                    "count": 13251,
                                    "self": 0.8548495999980972,
                                    "children": {
                                        "TorchPolicy.evaluate": {
                                            "total": 54.7815414000004,
                                            "count": 13251,
                                            "self": 28.41412639999978,
                                            "children": {
                                                "TorchPolicy.sample_actions": {
                                                    "total": 26.36741500000062,
                                                    "count": 13251,
                                                    "self": 26.36741500000062
                                                }
                                            }
                                        }
                                    }
                                },
                                "workers": {
                                    "total": 0.1615030000001738,
                                    "count": 13250,
                                    "self": 0.0,
                                    "children": {
                                        "worker_root": {
                                            "total": 143.93842039999936,
                                            "count": 13250,