{"count":1,"self":75.780249599999991,"total":1296.9961508,"children":{"InitializeActuators":{"count":9,"self":0.0020001999999999997,"total":0.0020001999999999997,"children":null},"InitializeSensors":{"count":9,"self":0.0019978,"total":0.0019978,"children":null},"AgentSendState":{"count":111201,"self":3.2745384,"total":15.2571107,"children":{"CollectObservations":{"count":1000809,"self":2.5325644,"total":2.5325644,"children":null},"WriteActionMask":{"count":1000809,"self":0.74235129999999994,"total":0.74235129999999994,"children":null},"RequestDecision":{"count":1000809,"self":2.6887513999999997,"total":8.7076566,"children":{"AgentInfo.ToProto":{"count":1000809,"self":2.3413002,"total":6.0189052,"children":{"GenerateSensorData":{"count":1000809,"self":3.6776047999999997,"total":3.677605,"children":null}}}}}}},"DecideAction":{"count":111201,"self":1199.7353984,"total":1199.7353980999999,"children":null},"AgentAct":{"count":111201,"self":6.1613571999999994,"total":6.1833760999999994,"children":{"AgentInfo.ToProto":{"count":1497,"self":0.0070050999999999993,"total":0.022019,"children":{"GenerateSensorData":{"count":1497,"self":0.0150139,"total":0.0150139,"children":null}}}}},"AgentInfo.ToProto":{"count":1855,"self":0.0130023,"total":0.035015199999999996,"children":{"GenerateSensorData":{"count":1855,"self":0.0220129,"total":0.0220129,"children":null}}}},"gauges":{"PlaneMovement.CumulativeReward":{"count":3352,"max":306.294739,"min":3.97165585,"runningAverage":255.004837,"value":294.434235,"weightedAverage":292.335571}},"metadata":{"timer_format_version":"0.1.0","start_time_seconds":"1701882394","unity_version":"2023.1.18f1","command_line_arguments":"D:\/Program Files\/Unity 2023.1.18f1\/Editor\/Unity.exe -projectpath C:\\Users\\Me\\RLPlane\\RLPlane -useHub -hubIPC -cloudEnvironment production -licensingIpc LicenseClient-Én -hubSessionId 62b652b3-a00b-4737-8010-3e6d4dcfb194 -accessToken sosbXOcr7WztyV4_56pJj5LMxjwiy2cGQBjJXv87fbI007f","communication_protocol_version":"1.5.0","com.unity.ml-agents_version":"2.0.1","scene_name":"InferenceSimpleRotation","end_time_seconds":"1701883691"}}