{"count":1,"self":150.0737024,"total":2610.9397654,"children":{"InitializeActuators":{"count":6,"self":0.0019987,"total":0.0019987,"children":null},"InitializeSensors":{"count":6,"self":0.0020007,"total":0.0020007,"children":null},"AgentSendState":{"count":333517,"self":52.656713599999996,"total":87.8770454,"children":{"CollectObservations":{"count":2001102,"self":4.2851604,"total":4.2851602999999994,"children":null},"WriteActionMask":{"count":2001102,"self":1.5967843,"total":1.5967843,"children":null},"RequestDecision":{"count":2001102,"self":6.152252,"total":29.338388499999997,"children":{"AgentInfo.ToProto":{"count":2001102,"self":5.0158423999999995,"total":23.1861365,"children":{"GenerateSensorData":{"count":2001102,"self":14.745196799999999,"total":18.170294,"children":{"RayPerceptionSensor.Perceive":{"count":2001102,"self":3.4250971999999997,"total":3.4250973,"children":null}}}}}}}}},"DecideAction":{"count":333517,"self":2362.6407936,"total":2362.6408004,"children":null},"AgentAct":{"count":333517,"self":10.309656799999999,"total":10.3442213,"children":{"AgentInfo.ToProto":{"count":1998,"self":0.0125271,"total":0.034564399999999995,"children":{"GenerateSensorData":{"count":1998,"self":0.0205318,"total":0.0220373,"children":{"RayPerceptionSensor.Perceive":{"count":1998,"self":0.0015055,"total":0.0015055,"children":null}}}}}}}},"gauges":{"PlaneMovement.CumulativeReward":{"count":1998,"max":99.3825,"min":-99.6477051,"runningAverage":25.6338234,"value":3.0825038,"weightedAverage":33.462944}},"metadata":{"timer_format_version":"0.1.0","start_time_seconds":"1700734174","unity_version":"2023.1.18f1","command_line_arguments":"D:\/Program Files\/Unity 2023.1.18f1\/Editor\/Unity.exe -projectpath C:\\Users\\Me\\RLPlane\\RLPlane -useHub -hubIPC -cloudEnvironment production -licensingIpc LicenseClient-Én -hubSessionId 9dd66458-81d7-41d2-a1fe-57c11c69367e -accessToken O4K6-bgIaxkIJcaZnT1Mxk4nmq-r89T3PDKUHMkQQXE007f","communication_protocol_version":"1.5.0","com.unity.ml-agents_version":"2.0.1","scene_name":"InferenceRandomRotation","end_time_seconds":"1700736785"}}