{"count":1,"self":62.161030399999994,"total":1162.8238324,"children":{"InitializeActuators":{"count":9,"self":0.0020017999999999998,"total":0.0020017999999999998,"children":null},"InitializeSensors":{"count":9,"self":0.0020008,"total":0.0020008,"children":null},"AgentSendState":{"count":111184,"self":3.0877092,"total":14.3007209,"children":{"CollectObservations":{"count":1000656,"self":2.3416304,"total":2.3416304,"children":null},"WriteActionMask":{"count":1000656,"self":0.6722944,"total":0.6722944,"children":null},"RequestDecision":{"count":1000656,"self":2.5143552,"total":8.1990869,"children":{"AgentInfo.ToProto":{"count":1000656,"self":2.129442,"total":5.6847316,"children":{"GenerateSensorData":{"count":1000656,"self":3.5552896,"total":3.5552894999999998,"children":null}}}}}}},"DecideAction":{"count":111184,"self":1079.7668352,"total":1079.7668151,"children":null},"AgentAct":{"count":111184,"self":6.5357351999999995,"total":6.5637450999999993,"children":{"AgentInfo.ToProto":{"count":1780,"self":0.0090051,"total":0.0280097,"children":{"GenerateSensorData":{"count":1780,"self":0.0190046,"total":0.0190046,"children":null}}}}},"AgentInfo.ToProto":{"count":1410,"self":0.0085103,"total":0.025514699999999998,"children":{"GenerateSensorData":{"count":1410,"self":0.0170044,"total":0.0170044,"children":null}}}},"gauges":{"PlaneMovement.CumulativeReward":{"count":3190,"max":306.6354,"min":-77.2013,"runningAverage":243.1645,"value":306.001038,"weightedAverage":278.844116}},"metadata":{"timer_format_version":"0.1.0","start_time_seconds":"1701947085","unity_version":"2023.1.18f1","command_line_arguments":"D:\/Program Files\/Unity 2023.1.18f1\/Editor\/Unity.exe -projectpath C:\\Users\\Me\\RLPlane\\RLPlane -useHub -hubIPC -cloudEnvironment production -licensingIpc LicenseClient-Én -hubSessionId a134b319-235e-4666-8d04-4fb85f45228d -accessToken Und5m-PynwYEC6XSYWTxLCqM9A7LJQgIEwCVpPO6QNY007f","communication_protocol_version":"1.5.0","com.unity.ml-agents_version":"2.0.1","scene_name":"Learning","end_time_seconds":"1701948247"}}