{"count":1,"self":76.962502399999991,"total":1176.1346087,"children":{"InitializeActuators":{"count":7,"self":0.002,"total":0.002,"children":null},"InitializeSensors":{"count":7,"self":0.0019998999999999998,"total":0.0019998999999999998,"children":null},"AgentSendState":{"count":143001,"self":22.026878399999998,"total":36.840458999999996,"children":{"CollectObservations":{"count":1001007,"self":1.0251336,"total":1.0251336,"children":null},"WriteActionMask":{"count":1001007,"self":0.7388399,"total":0.7388399,"children":null},"RequestDecision":{"count":1001007,"self":2.8928331999999997,"total":13.0496065,"children":{"AgentInfo.ToProto":{"count":1001007,"self":2.2016656,"total":10.1567732,"children":{"GenerateSensorData":{"count":1001007,"self":6.3751456,"total":7.9551076,"children":{"RayPerceptionSensor.Perceive":{"count":1001007,"self":1.5799618,"total":1.5799618,"children":null}}}}}}}}},"DecideAction":{"count":143001,"self":999.448576,"total":999.4485539,"children":null},"AgentAct":{"count":143001,"self":62.8570752,"total":62.878088399999996,"children":{"AgentInfo.ToProto":{"count":1001,"self":0.0060035,"total":0.0210126,"children":{"GenerateSensorData":{"count":1001,"self":0.011007099999999999,"total":0.0150091,"children":{"RayPerceptionSensor.Perceive":{"count":1001,"self":0.0040019999999999995,"total":0.0040019999999999995,"children":null}}}}}}}},"gauges":{"PlaneMovement.CumulativeReward":{"count":1001,"max":966.6531,"min":-596.0943,"runningAverage":801.0555,"value":-136.843216,"weightedAverage":624.4325}},"metadata":{"timer_format_version":"0.1.0","start_time_seconds":"1700691408","unity_version":"2023.1.18f1","command_line_arguments":"D:\/Program Files\/Unity 2023.1.18f1\/Editor\/Unity.exe -projectpath C:\\Users\\Me\\RLPlane\\RLPlane -useHub -hubIPC -cloudEnvironment production -licensingIpc LicenseClient-Én -hubSessionId 9845c425-2f86-451a-b006-36f4f279a34d -accessToken 94_nkqIkkfa_6ehCBY8QKpGsyFfHs_qVIBcHlj9UOtk007f","communication_protocol_version":"1.5.0","com.unity.ml-agents_version":"2.0.1","scene_name":"Learning","end_time_seconds":"1700692585"}}