{"count":1,"self":65.892723199999992,"total":1151.7270842,"children":{"InitializeActuators":{"count":9,"self":0.0030033,"total":0.0030033,"children":null},"InitializeSensors":{"count":9,"self":0.0009996,"total":0.0009996,"children":null},"AgentSendState":{"count":111234,"self":3.1735716,"total":14.560932999999999,"children":{"CollectObservations":{"count":1001106,"self":2.4288806,"total":2.4288806,"children":null},"WriteActionMask":{"count":1001106,"self":0.7080793,"total":0.7080793,"children":null},"RequestDecision":{"count":1001106,"self":2.5543807999999997,"total":8.2504014999999988,"children":{"AgentInfo.ToProto":{"count":1001106,"self":2.1118728,"total":5.6960207999999994,"children":{"GenerateSensorData":{"count":1001106,"self":3.584148,"total":3.5841480999999997,"children":null}}}}}}},"DecideAction":{"count":111234,"self":1064.8806399999999,"total":1064.8806199,"children":null},"AgentAct":{"count":111234,"self":6.3362704,"total":6.3512806,"children":{"AgentInfo.ToProto":{"count":1193,"self":0.0070022,"total":0.015009999999999999,"children":{"GenerateSensorData":{"count":1193,"self":0.0080077999999999989,"total":0.0080077999999999989,"children":null}}}}},"AgentInfo.ToProto":{"count":2132,"self":0.016514,"total":0.0375256,"children":{"GenerateSensorData":{"count":2132,"self":0.0210116,"total":0.0210116,"children":null}}}},"gauges":{"PlaneMovement.CumulativeReward":{"count":3325,"max":307.378845,"min":67.20508,"runningAverage":271.306,"value":304.0766,"weightedAverage":294.856384}},"metadata":{"timer_format_version":"0.1.0","start_time_seconds":"1701894996","unity_version":"2023.1.18f1","command_line_arguments":"D:\/Program Files\/Unity 2023.1.18f1\/Editor\/Unity.exe -projectpath C:\\Users\\Me\\RLPlane\\RLPlane -useHub -hubIPC -cloudEnvironment production -licensingIpc LicenseClient-Én -hubSessionId 62b652b3-a00b-4737-8010-3e6d4dcfb194 -accessToken sosbXOcr7WztyV4_56pJj5LMxjwiy2cGQBjJXv87fbI007f","communication_protocol_version":"1.5.0","com.unity.ml-agents_version":"2.0.1","scene_name":"LearningSimpleRotation","end_time_seconds":"1701896148"}}