{
    "name": "root",
    "gauges": {
        "PlaneMovement.Policy.Entropy.mean": {
            "value": 2.7700064182281494,
            "min": 1.572318434715271,
            "max": 2.937264919281006,
            "count": 20
        },
        "PlaneMovement.Policy.Entropy.sum": {
            "value": 137638.84375,
            "min": 80320.3125,
            "max": 148020.8125,
            "count": 20
        },
        "PlaneMovement.Environment.EpisodeLength.mean": {
            "value": 290.16959064327483,
            "min": 224.72685185185185,
            "max": 317.53205128205127,
            "count": 20
        },
        "PlaneMovement.Environment.EpisodeLength.sum": {
            "value": 49619.0,
            "min": 48541.0,
            "max": 50328.0,
            "count": 20
        },
        "PlaneMovement.Step.mean": {
            "value": 999880.0,
            "min": 49781.0,
            "max": 999880.0,
            "count": 20
        },
        "PlaneMovement.Step.sum": {
            "value": 999880.0,
            "min": 49781.0,
            "max": 999880.0,
            "count": 20
        },
        "PlaneMovement.Policy.ExtrinsicValueEstimate.mean": {
            "value": 9.61306381225586,
            "min": 0.2704532742500305,
            "max": 9.61306381225586,
            "count": 20
        },
        "PlaneMovement.Policy.ExtrinsicValueEstimate.sum": {
            "value": 3297.28076171875,
            "min": 93.8472900390625,
            "max": 3297.28076171875,
            "count": 20
        },
        "PlaneMovement.Environment.CumulativeReward.mean": {
            "value": 292.1223013303433,
            "min": 62.42742341536063,
            "max": 292.1223013303433,
            "count": 20
        },
        "PlaneMovement.Environment.CumulativeReward.sum": {
            "value": 49952.91352748871,
            "min": 13484.323457717896,
            "max": 49952.91352748871,
            "count": 20
        },
        "PlaneMovement.Policy.ExtrinsicReward.mean": {
            "value": 292.1223013303433,
            "min": 62.42742341536063,
            "max": 292.1223013303433,
            "count": 20
        },
        "PlaneMovement.Policy.ExtrinsicReward.sum": {
            "value": 49952.91352748871,
            "min": 13484.323457717896,
            "max": 49952.91352748871,
            "count": 20
        },
        "PlaneMovement.Losses.PolicyLoss.mean": {
            "value": 0.06595305146238943,
            "min": 0.06468569857295163,
            "max": 0.0719958674062626,
            "count": 20
        },
        "PlaneMovement.Losses.PolicyLoss.sum": {
            "value": 0.7914366175486731,
            "min": 0.7762283828754196,
            "max": 0.8973413674356403,
            "count": 20
        },
        "PlaneMovement.Losses.ValueLoss.mean": {
            "value": 0.06725903979618433,
            "min": 0.05713514078767427,
            "max": 0.37555215148889626,
            "count": 20
        },
        "PlaneMovement.Losses.ValueLoss.sum": {
            "value": 0.807108477554212,
            "min": 0.6856216894520912,
            "max": 4.506625817866755,
            "count": 20
        },
        "PlaneMovement.Policy.LearningRate.mean": {
            "value": 7.708047430683335e-06,
            "min": 7.708047430683335e-06,
            "max": 0.00029188217770594163,
            "count": 20
        },
        "PlaneMovement.Policy.LearningRate.sum": {
            "value": 9.249656916820001e-05,
            "min": 9.249656916820001e-05,
            "max": 0.0035025861324713,
            "count": 20
        },
        "PlaneMovement.Policy.Epsilon.mean": {
            "value": 0.10256931666666665,
            "min": 0.10256931666666665,
            "max": 0.19729405833333336,
            "count": 20
        },
        "PlaneMovement.Policy.Epsilon.sum": {
            "value": 1.2308317999999998,
            "min": 1.2308317999999998,
            "max": 2.3675287000000003,
            "count": 20
        },
        "PlaneMovement.Policy.Beta.mean": {
            "value": 0.00013820890166666675,
            "min": 0.00013820890166666675,
            "max": 0.004864973510833333,
            "count": 20
        },
        "PlaneMovement.Policy.Beta.sum": {
            "value": 0.001658506820000001,
            "min": 0.001658506820000001,
            "max": 0.05837968212999999,
            "count": 20
        },
        "PlaneMovement.IsTraining.mean": {
            "value": 1.0,
            "min": 1.0,
            "max": 1.0,
            "count": 20
        },
        "PlaneMovement.IsTraining.sum": {
            "value": 1.0,
            "min": 1.0,
            "max": 1.0,
            "count": 20
        }
    },
    "metadata": {
        "timer_format_version": "0.1.0",
        "start_time_seconds": "1701882388",
        "python_version": "3.6.8 |Anaconda, Inc.| (default, Feb 21 2019, 18:30:04) [MSC v.1916 64 bit (AMD64)]",
        "command_line_arguments": "C:\\Users\\Me\\anaconda3\\envs\\unity\\Scripts\\mlagents-learn --run-id=Run8 --torch-device cpu --force ./run8.yaml",
        "mlagents_version": "0.28.0",
        "mlagents_envs_version": "0.28.0",
        "communication_protocol_version": "1.5.0",
        "pytorch_version": "1.7.1+cu110",
        "numpy_version": "1.19.5",
        "end_time_seconds": "1701883691"
    },
    "total": 1302.8675285,
    "count": 1,
    "self": 0.007446999999956461,
    "children": {
        "run_training.setup": {
            "total": 0.1362935,
            "count": 1,
            "self": 0.1362935
        },
        "TrainerController.start_learning": {
            "total": 1302.723788,
            "count": 1,
            "self": 2.6576721000017187,
            "children": {
                "TrainerController._reset_env": {
                    "total": 6.7662005,
                    "count": 1,
                    "self": 6.7662005
                },
                "TrainerController.advance": {
                    "total": 1293.1882986999983,
                    "count": 111197,
                    "self": 2.908243700034518,
                    "children": {
                        "env_step": {
                            "total": 725.3481387999906,
                            "count": 111197,
                            "self": 470.9950872999823,
                            "children": {
                                "SubprocessEnvManager._take_step": {
                                    "total": 252.69857620001457,
                                    "count": 111197,
                                    "self": 7.72975040004124,
                                    "children": {
                                        "TorchPolicy.evaluate": {
                                            "total": 244.96882579997333,
                                            "count": 111197,
                                            "self": 37.85006379997796,
                                            "children": {
                                                "TorchPolicy.sample_actions": {
                                                    "total": 207.11876199999537,
                                                    "count": 111197,
                                                    "self": 207.11876199999537
                                                }
                                            }
                                        }
                                    }
                                },
                                "workers": {
                                    "total": 1.6544752999937602,
                                    "count": 111197,
                                    "self": 0.0,
                                    "children": {
                                        "worker_root": {
                                            "total": 1292.4584090999726,
                                            "count": 111197,