{
    "name": "root",
    "gauges": {
        "PlaneMovement.Policy.Entropy.mean": {
            "value": 2.771005153656006,
            "min": 1.547148585319519,
            "max": 2.9435882568359375,
            "count": 20
        },
        "PlaneMovement.Policy.Entropy.sum": {
            "value": 138536.40625,
            "min": 79605.4375,
            "max": 147827.0,
            "count": 20
        },
        "PlaneMovement.Step.mean": {
            "value": 999990.0,
            "min": 49913.0,
            "max": 999990.0,
            "count": 20
        },
        "PlaneMovement.Step.sum": {
            "value": 999990.0,
            "min": 49913.0,
            "max": 999990.0,
            "count": 20
        },
        "PlaneMovement.Policy.ExtrinsicValueEstimate.mean": {
            "value": 9.884075164794922,
            "min": -5.021676540374756,
            "max": 9.90832233428955,
            "count": 20
        },
        "PlaneMovement.Policy.ExtrinsicValueEstimate.sum": {
            "value": 3419.89013671875,
            "min": -1175.072265625,
            "max": 3448.09619140625,
            "count": 20
        },
        "PlaneMovement.Environment.EpisodeLength.mean": {
            "value": 288.7919075144509,
            "min": 260.3809523809524,
            "max": 317.2987012987013,
            "count": 20
        },
        "PlaneMovement.Environment.EpisodeLength.sum": {
            "value": 49961.0,
            "min": 48864.0,
            "max": 50428.0,
            "count": 20
        },
        "PlaneMovement.Environment.CumulativeReward.mean": {
            "value": 293.7598484237759,
            "min": 162.3389559826523,
            "max": 293.917174508231,
            "count": 20
        },
        "PlaneMovement.Environment.CumulativeReward.sum": {
            "value": 50820.45377731323,
            "min": 30682.062680721283,
            "max": 51435.50553894043,
            "count": 20
        },
        "PlaneMovement.Policy.ExtrinsicReward.mean": {
            "value": 293.7598484237759,
            "min": 162.3389559826523,
            "max": 293.917174508231,
            "count": 20
        },
        "PlaneMovement.Policy.ExtrinsicReward.sum": {
            "value": 50820.45377731323,
            "min": 30682.062680721283,
            "max": 51435.50553894043,
            "count": 20
        },
        "PlaneMovement.Losses.PolicyLoss.mean": {
            "value": 0.06745486957088295,
            "min": 0.06653697042727873,
            "max": 0.07123966732494601,
            "count": 20
        },
        "PlaneMovement.Losses.PolicyLoss.sum": {
            "value": 0.8094584348505954,
            "min": 0.767445977130208,
            "max": 0.926115675224298,
            "count": 20
        },
        "PlaneMovement.Losses.ValueLoss.mean": {
            "value": 0.022581197775145233,
            "min": 0.01477429187402011,
            "max": 8.00021437236048,
            "count": 20
        },
        "PlaneMovement.Losses.ValueLoss.sum": {
            "value": 0.2709743733017428,
            "min": 0.17729150248824133,
            "max": 88.00235809596528,
            "count": 20
        },
        "PlaneMovement.Policy.LearningRate.mean": {
            "value": 7.219497593533332e-06,
            "min": 7.219497593533332e-06,
            "max": 0.00029239527526218174,
            "count": 20
        },
        "PlaneMovement.Policy.LearningRate.sum": {
            "value": 8.663397112239998e-05,
            "min": 8.663397112239998e-05,
            "max": 0.0036082224972592,
            "count": 20
        },
        "PlaneMovement.Policy.Epsilon.mean": {
            "value": 0.10240646666666665,
            "min": 0.10240646666666665,
            "max": 0.19746509090909095,
            "count": 20
        },
        "PlaneMovement.Policy.Epsilon.sum": {
            "value": 1.2288776,
            "min": 1.2288776,
            "max": 2.5027408,
            "count": 20
        },
        "PlaneMovement.Policy.Beta.mean": {
            "value": 0.00013008268666666665,
            "min": 0.00013008268666666665,
            "max": 0.004873508036363636,
            "count": 20
        },
        "PlaneMovement.Policy.Beta.sum": {
            "value": 0.0015609922399999999,
            "min": 0.0015609922399999999,
            "max": 0.060146765920000005,
            "count": 20
        },
        "PlaneMovement.IsTraining.mean": {
            "value": 1.0,
            "min": 1.0,
            "max": 1.0,
            "count": 20
        },
        "PlaneMovement.IsTraining.sum": {
            "value": 1.0,
            "min": 1.0,
            "max": 1.0,
            "count": 20
        }
    },
    "metadata": {
        "timer_format_version": "0.1.0",
        "start_time_seconds": "1701894988",
        "python_version": "3.6.8 |Anaconda, Inc.| (default, Feb 21 2019, 18:30:04) [MSC v.1916 64 bit (AMD64)]",
        "command_line_arguments": "C:\\Users\\Me\\anaconda3\\envs\\unity\\Scripts\\mlagents-learn --run-id=Run8 --torch-device cpu --force ./run8.yaml",
        "mlagents_version": "0.28.0",
        "mlagents_envs_version": "0.28.0",
        "communication_protocol_version": "1.5.0",
        "pytorch_version": "1.7.1+cu110",
        "numpy_version": "1.19.5",
        "end_time_seconds": "1701896148"
    },
    "total": 1160.0051842,
    "count": 1,
    "self": 0.011008499999888954,
    "children": {
        "run_training.setup": {
            "total": 0.1469061,
            "count": 1,
            "self": 0.1469061
        },
        "TrainerController.start_learning": {
            "total": 1159.8472696000001,
            "count": 1,
            "self": 2.608133400000497,
            "children": {
                "TrainerController._reset_env": {
                    "total": 9.2361629,
                    "count": 1,
                    "self": 9.2361629
                },
                "TrainerController.advance": {
                    "total": 1147.8999797999998,
                    "count": 111225,
                    "self": 2.732924299977185,
                    "children": {
                        "env_step": {
                            "total": 661.703881100005,
                            "count": 111225,
                            "self": 431.52358089998916,
                            "children": {
                                "SubprocessEnvManager._take_step": {
                                    "total": 228.6287632999967,
                                    "count": 111225,
                                    "self": 7.1902225000219175,
                                    "children": {
                                        "TorchPolicy.evaluate": {
                                            "total": 221.4385407999748,
                                            "count": 111225,
                                            "self": 34.591301599958996,
                                            "children": {
                                                "TorchPolicy.sample_actions": {
                                                    "total": 186.8472392000158,
                                                    "count": 111225,
                                                    "self": 186.8472392000158
                                                }
                                            }
                                        }
                                    }
                                },
                                "workers": {
                                    "total": 1.5515369000191601,
                                    "count": 111225,
                                    "self": 0.0,
                                    "children": {
                                        "worker_root": {
                                            "total": 1147.3103345000072,
                                            "count": 111225,