{
    "name": "root",
    "gauges": {
        "PlaneMovement.Policy.Entropy.mean": {
            "value": 1.1533628702163696,
            "min": 0.6905180811882019,
            "max": 1.4362341165542603,
            "count": 24
        },
        "PlaneMovement.Policy.Entropy.sum": {
            "value": 57825.0,
            "min": 34512.09375,
            "max": 71808.8359375,
            "count": 24
        },
        "PlaneMovement.Step.mean": {
            "value": 1199870.0,
            "min": 49827.0,
            "max": 1199870.0,
            "count": 24
        },
        "PlaneMovement.Step.sum": {
            "value": 1199870.0,
            "min": 49827.0,
            "max": 1199870.0,
            "count": 24
        },
        "PlaneMovement.Policy.ExtrinsicValueEstimate.mean": {
            "value": 4.547259330749512,
            "min": 2.4177067279815674,
            "max": 5.450730323791504,
            "count": 24
        },
        "PlaneMovement.Policy.ExtrinsicValueEstimate.sum": {
            "value": 968.5662841796875,
            "min": 488.3767395019531,
            "max": 1171.906982421875,
            "count": 24
        },
        "PlaneMovement.Losses.PolicyLoss.mean": {
            "value": 0.06841742612256421,
            "min": 0.06691093837161688,
            "max": 0.07446262652776704,
            "count": 24
        },
        "PlaneMovement.Losses.PolicyLoss.sum": {
            "value": 0.8210091134707705,
            "min": 0.7756004564478078,
            "max": 0.9680141448609716,
            "count": 24
        },
        "PlaneMovement.Losses.ValueLoss.mean": {
            "value": 0.019972157866249802,
            "min": 0.019523317568479644,
            "max": 0.4082489424223045,
            "count": 24
        },
        "PlaneMovement.Losses.ValueLoss.sum": {
            "value": 0.2396658943949976,
            "min": 0.23427981082175572,
            "max": 4.490738366645349,
            "count": 24
        },
        "PlaneMovement.Policy.LearningRate.mean": {
            "value": 0.0001235865588045,
            "min": 0.0001235865588045,
            "max": 0.00029617340582098635,
            "count": 24
        },
        "PlaneMovement.Policy.LearningRate.sum": {
            "value": 0.001483038705654,
            "min": 0.001483038705654,
            "max": 0.0037540677486440997,
            "count": 24
        },
        "PlaneMovement.Policy.Epsilon.mean": {
            "value": 0.1411955,
            "min": 0.1411955,
            "max": 0.1987244681818182,
            "count": 24
        },
        "PlaneMovement.Policy.Epsilon.sum": {
            "value": 1.694346,
            "min": 1.694346,
            "max": 2.551355900000001,
            "count": 24
        },
        "PlaneMovement.Policy.Beta.mean": {
            "value": 0.00206565545,
            "min": 0.00206565545,
            "max": 0.004936350962272728,
            "count": 24
        },
        "PlaneMovement.Policy.Beta.sum": {
            "value": 0.0247878654,
            "min": 0.0247878654,
            "max": 0.06257265941,
            "count": 24
        },
        "PlaneMovement.Environment.EpisodeLength.mean": {
            "value": 919.7037037037037,
            "min": 673.5135135135135,
            "max": 983.7291666666666,
            "count": 24
        },
        "PlaneMovement.Environment.EpisodeLength.sum": {
            "value": 49664.0,
            "min": 47219.0,
            "max": 52679.0,
            "count": 24
        },
        "PlaneMovement.Environment.CumulativeReward.mean": {
            "value": 528.0035625033909,
            "min": 317.25137925067463,
            "max": 529.1353649563259,
            "count": 24
        },
        "PlaneMovement.Environment.CumulativeReward.sum": {
            "value": 28512.192375183105,
            "min": 18571.002638816833,
            "max": 28685.058280944824,
            "count": 24
        },
        "PlaneMovement.Policy.ExtrinsicReward.mean": {
            "value": 528.0035625033909,
            "min": 317.25137925067463,
            "max": 529.1353649563259,
            "count": 24
        },
        "PlaneMovement.Policy.ExtrinsicReward.sum": {
            "value": 28512.192375183105,
            "min": 18571.002638816833,
            "max": 28685.058280944824,
            "count": 24
        },
        "PlaneMovement.IsTraining.mean": {
            "value": 1.0,
            "min": 1.0,
            "max": 1.0,
            "count": 24
        },
        "PlaneMovement.IsTraining.sum": {
            "value": 1.0,
            "min": 1.0,
            "max": 1.0,
            "count": 24
        }
    },
    "metadata": {
        "timer_format_version": "0.1.0",
        "start_time_seconds": "1701788341",
        "python_version": "3.6.8 |Anaconda, Inc.| (default, Feb 21 2019, 18:30:04) [MSC v.1916 64 bit (AMD64)]",
        "command_line_arguments": "C:\\Users\\Me\\anaconda3\\envs\\unity\\Scripts\\mlagents-learn --torch-device=cpu --run-id=Run4 --force ./run4.yaml",
        "mlagents_version": "0.28.0",
        "mlagents_envs_version": "0.28.0",
        "communication_protocol_version": "1.5.0",
        "pytorch_version": "1.7.1+cu110",
        "numpy_version": "1.19.5",
        "end_time_seconds": "1701789947"
    },
    "total": 1606.1621367,
    "count": 1,
    "self": 0.006034200000158307,
    "children": {
        "run_training.setup": {
            "total": 0.1215182,
            "count": 1,
            "self": 0.1215182
        },
        "TrainerController.start_learning": {
            "total": 1606.0345842999998,
            "count": 1,
            "self": 3.9818043000316266,
            "children": {
                "TrainerController._reset_env": {
                    "total": 7.675675,
                    "count": 1,
                    "self": 7.675675
                },
                "TrainerController.advance": {
                    "total": 1594.3046994999681,
                    "count": 201534,
                    "self": 4.4168158000222775,
                    "children": {
                        "env_step": {
                            "total": 1034.853315899952,
                            "count": 201534,
                            "self": 778.4040094000136,
                            "children": {
                                "SubprocessEnvManager._take_step": {
                                    "total": 253.86363909997496,
                                    "count": 201534,
                                    "self": 11.725983800007498,
                                    "children": {
                                        "TorchPolicy.evaluate": {
                                            "total": 242.13765529996746,
                                            "count": 201534,
                                            "self": 58.50004499992596,
                                            "children": {
                                                "TorchPolicy.sample_actions": {
                                                    "total": 183.6376103000415,
                                                    "count": 201534,
                                                    "self": 183.6376103000415
                                                }
                                            }
                                        }
                                    }
                                },
                                "workers": {
                                    "total": 2.5856673999633992,
                                    "count": 201533,
                                    "self": 0.0,
                                    "children": {
                                        "worker_root": {
                                            "total": 1552.4220519999803,
                                            "count": 201533,
                                            "is_parallel": true,